Value,Response
"26,986.88, 291,458,272, 1,295,528","The mean sales for January in the dataset is $26,986.88. This number was calculated by taking the average of the total revenue generated from sales in January. Additionally, the total sales for January amounted to $291,458,272, and the total quantity of products sold in January was 1,295,528 units."
"$26,986.88","The mean sales for January were $26,986.88. This number was calculated using the 'TotalRevenue' column from the Sales dataset, specifically focusing on the sales that occurred in the month of January. The mean sales represent the average revenue generated from sales in January."
"$26,986.88","The mean sales for January in the dataset is $26,986.88. This number was calculated by taking all the January sales data, finding the total revenue for each sale, and then computing the average of those total revenues. This gives us an insight into the average amount of sales generated in the month of January across different regions and products in the dataset."
"$26,986.88","The mean sales for January is $26,986.88. This number was generated from the ""TotalRevenue"" column in the Sales dataset. The code filtered the dataset for January sales, calculated the total revenue for each sale in January, and then found the average of those total revenues to get the mean sales for January."
"$26,986.88","The mean sales for January in the dataset is $26,986.88. This value was calculated by taking all the sales revenue for the month of January, finding the average of those values, and then rounding to two decimal places."
"$26,986.88","The mean sales for January in the dataset is $26,986.88. This value was calculated by taking all the January sales data, finding the total revenue for each sale, and then calculating the average of those total revenues. This mean sales value gives us an idea of the average revenue generated from sales specifically in the month of January."
January,"
            Sorry we could not answer the query. Here is some relevant information
            that might help you get started. To calculate the mean sales for January using the ""Sales"" dataset, you would need to filter the dataset for transactions that occurred in January and then calculate the average total revenue or quantity sold for those transactions. This would give you the average sales for the month of January.
        "
"26,986.88","The mean sales for January in the dataset is $26,986.88. This value was calculated by taking all the January sales data, finding the total revenue for each sale, and then averaging those values to get the mean sales amount for the month of January."
119.96,Sure! The mean sales for January were calculated to be 119.96. This number was generated from the 'Quantity' column in the dataset. The code filtered the data for January entries based on the 'Time' column and then calculated the average quantity of products sold during that month.
119.96,Sure! The mean sales quantity for the month of January is approximately 119.96. This number was generated from the 'Quantity' column in the Sales dataset after filtering the data for January. The mean sales quantity represents the average number of products sold in the month of January across all regions and products in the dataset.
"26,986.88","The typical sales figure for January was $26,986.88. This number was calculated by taking the mean of the total revenue from sales that occurred in January. It represents the average amount of revenue generated from sales in January across different regions and products in the dataset."
"26,986.88","The typical sales figure for January was $26,986.88. This number was generated from the dataset containing information about sales transactions, including columns such as Time, Region, Product, SKU, Identifier, Quantity, TotalRevenue, TotalCost, and Quantity Base. The code filtered the dataset for January sales data, calculated the average sales figure for January, and provided this typical sales figure as the output."
"26,986.88","The typical sales figure for January was $26,986.88. This number was generated by calculating the mean total revenue for all sales that occurred in the month of January across all regions and products in the dataset. The typical sales figure gives an average representation of the revenue generated in January based on the available data."
"26,986.88","The typical sales figure for January was $26,986.88. This number was generated from the 'TotalRevenue' column in the 'Sales' dataset. The code filtered the data for January, calculated the average total revenue for that month, and provided this typical sales figure as the output."
"26,986.88","The typical sales figure for January was $26,986.88. This number was generated from the 'TotalRevenue' column in the 'Sales' dataset. The code filtered the data for January, calculated the average total revenue for that month, and provided the result as the typical sales figure for January."
"$26,986.88","The typical sales figure for January was $26,986.88. This number was generated from the 'TotalRevenue' column of the Sales dataset by calculating the mean of total revenue for all January entries. The typical sales figure represents the average revenue generated in the month of January across all regions and products in the dataset."
"26,986.88","The typical sales figure for January was $26,986.88. This number was generated by calculating the mean total revenue for all sales that occurred in the month of January across all regions and products in the dataset. The 'TotalRevenue' column in the dataset represents the total revenue generated from each sale, and by averaging these values for January, we arrive at the typical sales figure for that month."
"$26,986.88","The typical sales figure for January was $26,986.88. This number was generated from the ""TotalRevenue"" column in the dataset. The code filtered the data for January, calculated the average total revenue for that month, and provided the typical sales figure based on the mean of total revenues for January."
"26,986.88","The typical sales figure for January was $26,986.88. This number was generated from the 'TotalRevenue' column in the dataset 'Sales'. The code filtered the data for January, calculated the mean of the total revenue for January sales transactions, and provided this average as the typical sales figure for January."
"26,986.88","The typical sales figure for January was $26,986.88. This number was generated by calculating the average total revenue for all sales that occurred in the month of January across all regions and products in the dataset. The 'TotalRevenue' column in the dataset represents the total amount of revenue generated from each sale, and by averaging these values for January, we arrive at the typical sales figure for that month."
"1,295,528, 291,458,272.00, 224.97","In January, the total quantity sold was 1,295,528 units with a total revenue of $291,458,272.00. To calculate the average selling price in January, we divide the total revenue by the total quantity sold, resulting in an average selling price of $224.97 per unit. This information was derived from the Sales dataset where data was filtered for the month of January to calculate the average sales."
"291,458,272.00, 1,295,528, 224.97","In January, the total sales amounted to $291,458,272.00, and the total quantity of products sold was 1,295,528 units. By dividing the total sales by the total quantity sold, we find that the average sales in January were approximately $224.97 per unit. These values were calculated based on the sales data specifically for the month of January from the dataset."
"291,458,272.00, 27, 10,794,750.81","In January, the total sales amounted to $291,458,272.00. This total was calculated by summing up the 'TotalRevenue' column for all sales that occurred in January. 

To find the average sales per day in January, we divided the total sales by the number of unique days in January, which was 27. This calculation resulted in an average sales per day in January of $10,794,750.81."
"119.96, $26,986.88","The average sales quantity in January was approximately 119.96 units, and the average sales revenue in January was around $26,986.88. These numbers were generated from the ""Sales"" dataset, where the sales data was filtered for the month of January. The average sales quantity represents the average number of products sold in January, while the average sales revenue indicates the average revenue generated from those sales in January."
"$26,986.88","The average sales in January were $26,986.88. This number was calculated based on the TotalRevenue column in the Sales dataset. The TotalRevenue column represents the total revenue generated from sales, and the average sales in January were computed by taking the mean of the total revenue for all transactions that occurred in the month of January."
"$291,458,272.00, 27, $10,794,750.81","In January, the total sales amounted to $291,458,272.00 across 27 unique days. To calculate the average daily sales in January, we divide the total sales by the number of unique days, resulting in an average of approximately $10,794,750.81 per day."
"26,986.88","The average sales in January were $26,986.88. This number was calculated by first filtering the dataset to include only the sales data from January. Then, the average total revenue for these January sales was computed. The 'TotalRevenue' column in the dataset represents the total amount of revenue generated from each sale, and the average of these values for January gives us the average sales amount for that specific month."
119.96,"The average quantity sold in January was approximately 119.96 units. This number was calculated based on the 'Quantity' column in the dataset for the month of January. The average sales metric gives an insight into the typical amount of products sold during January, providing a measure of the sales performance specifically for that month."
"26,986.88","The average sales in January were $26,986.88. This number was calculated by first filtering the sales data for the month of January and then computing the mean of the total revenue for that specific month. The 'TotalRevenue' column in the dataset represents the total amount of revenue generated from sales transactions."
"26,986.88","The average sales in January were $26,986.88. This number was calculated by first filtering the sales data for the month of January and then computing the mean of the total revenue generated in January. The average sales metric gives an indication of the typical amount of revenue generated in the month of January based on the sales data available in the dataset."
"26,986.88","The average revenue for January is $26,986.88. This number was generated by filtering the dataset for January data only and then calculating the average total revenue for that specific month. The dataset contains information about sales, including the time of the sale, region, product details, quantity sold, total revenue, total cost, and quantity base. The code specifically filtered the data for January to focus on sales made during that month, and then calculated the average revenue from those January sales."
"26,986.88","The average revenue for January is $26,986.88. This number was generated from the ""TotalRevenue"" column in the Sales dataset after filtering the data for January entries only. The code calculated the mean of the total revenue for all January sales transactions in the dataset, providing an average revenue figure for that specific month."
"26,986.88","The average revenue for January is $26,986.88. This number was generated from the ""Sales"" dataset by filtering the data for the month of January and then calculating the mean of the 'TotalRevenue' column for that specific month. The average revenue metric provides an insight into the typical amount of revenue generated in the month of January across all regions and products in the dataset."
"$26,986.88","The average revenue for January is $26,986.88. This number was generated by filtering the dataset for January data only and then calculating the mean of the TotalRevenue column for that specific month. The dataset contains information about sales, including columns such as Time (date of the sale), Region, Product, SKU, Identifier, Quantity, TotalRevenue, TotalCost, and Quantity Base. The average revenue for January provides insight into the typical amount of revenue generated during the month of January across all regions and products."
"26,986.88","The average revenue for January is $26,986.88. This number was generated from the 'TotalRevenue' column in the dataset 'Sales' after filtering the data for January. The code converted the 'Time' column to datetime format, extracted the data for January, and then calculated the average revenue for that specific month."
"$26,986.88","The average revenue for January is $26,986.88. This number was generated by filtering the sales data for the month of January and then calculating the mean of the 'TotalRevenue' column for that specific month. The average revenue represents the typical amount of money earned from sales in January across all regions and products in the dataset."
"26,986.88","The average revenue for January was $26,986.88. This number was calculated based on the 'TotalRevenue' column in the Sales dataset. The code filtered the data for January, then calculated the average revenue for that specific month. The average revenue represents the mean amount of revenue generated in January across all sales transactions recorded in the dataset."
"$26,986.88","The average revenue for January is $26,986.88. This number was generated by filtering the dataset for January data only and then calculating the mean of the 'TotalRevenue' column for that specific month. The dataset contains information about sales, including the date of the sale, region, product details, quantity sold, total revenue, total cost, and quantity base. The average revenue for January provides insight into the typical revenue generated during that specific month across all regions and products."
"$26,986.88","The average revenue for January is $26,986.88. This number was generated by filtering the dataset for January data only and then calculating the mean of the 'TotalRevenue' column for that specific month. The average revenue represents the typical amount of revenue generated in January across all the sales transactions recorded in the dataset."
"$26,986.88","The average revenue for January is $26,986.88. This number was generated from the ""Sales"" dataset by filtering the data for the month of January and then calculating the mean of the 'TotalRevenue' column for that specific month. The average revenue metric provides an insight into the typical amount of revenue generated in January based on the sales data available in the dataset."
"26,986.88","The average January sales were $26,986.88. This number was calculated based on the 'TotalRevenue' column in the dataset. It represents the average total revenue generated from sales in the month of January across all regions and products."
"26,986.88","The average January sales were $26,986.88. This number was calculated by first filtering the dataset for sales that occurred in January. Then, the average total revenue from these January sales was computed. This average represents the typical amount of revenue generated in the month of January across all regions and products in the dataset."
"$26,986.88, $291,458,272, 10,800","The average January sales were $26,986.88. This average was calculated by taking the total revenue from all January sales and dividing it by the number of January sales transactions. In this case, the total revenue from January sales was $291,458,272, and there were 10,800 sales transactions in January."
"26,986.88, 291,458,272.00, 1,295,528","The average January sales were $26,986.88. This average was calculated based on the total revenue generated from sales in January. In January, a total of $291,458,272.00 worth of products were sold, and the total quantity of items sold was 1,295,528. These numbers provide an overview of the sales performance specifically for the month of January in the dataset."
"26,986.88","The average January sales were $26,986.88. This number was calculated by first filtering the dataset for sales that occurred in January, then finding the average total revenue from those January sales. The dataset contains information about sales including the time of the sale, region, product details, quantity sold, total revenue, total cost, and quantity base. The average January sales metric provides an insight into the typical revenue generated during the month of January across different regions and products in the dataset."
"26,986.88, 291,458,272.00, 1,295,528","The average January sales were $26,986.88. This average was calculated based on the total January revenue from sales of different products across all regions. In January, a total of $291,458,272.00 worth of products were sold, with a total quantity of 1,295,528 items sold."
"26,986.88, 291,458,272.00, 120","The average January sales were $26,986.88. This number was calculated based on the Total Revenue column in the dataset. Additionally, the total January sales amounted to $291,458,272.00, and on average, about 120 items were sold per transaction during January."
"26,986.88, 10,800, 291,458,272.00","The average January sales were $26,986.88. This number was calculated by taking the mean of the 'TotalRevenue' column for all sales that occurred in the month of January. In January, there were a total of 10,800 sales transactions, resulting in a total revenue of $291,458,272.00."
"$26,986.88, 10,800, $291,458,272.00","The average January sales were $26,986.88. This number was calculated by taking the mean of the 'TotalRevenue' column for all sales that occurred in the month of January. In January, there were a total of 10,800 sales records with a combined revenue of $291,458,272.00."
"$26,986.88","The average January sales were $26,986.88. This number was generated from the ""TotalRevenue"" column in the Sales dataset. The code filtered the dataset for January sales, calculated the total revenue for each sale in January, and then found the average of these total revenues to determine the average January sales."
"119.96, $26,986.88, 1,295,528, $291,458,272.00","Sure! In January, the average quantity of products sold was approximately 119.96, and the average revenue generated from those sales was around $26,986.88. Additionally, the total quantity of products sold in January was 1,295,528 units, resulting in a total revenue of $291,458,272.00. These numbers were calculated based on the sales data in the ""Sales"" dataframe, specifically focusing on the sales that occurred in the month of January."
"119.96, 26,986.88","Sure! In the dataset ""Sales,"" the average January sales numbers are as follows:
- Average Quantity: 119.96 units
- Average Revenue: $26,986.88

These numbers were generated by filtering the dataset for January sales, calculating the mean quantity and total revenue for those January sales specifically. The average quantity represents the average number of products sold in January, while the average revenue indicates the average total revenue generated from those January sales."
119.96,"Sure! The average January sales quantity for the dataset was approximately 119.96 units. This number was calculated by filtering the sales data for the month of January and then finding the mean quantity of products sold during that month. The dataset contains information about sales including the time of sale, region, product details, quantity sold, total revenue, total cost, and other relevant metrics."
"119.96, 26,986.88","Sure! In January, the average quantity of products sold was approximately 119.96 units, and the average revenue generated from these sales was around $26,986.88. These numbers were calculated based on the sales data from the 'Sales' dataframe, specifically looking at the sales that occurred in the month of January."
119.96,"Sure! The average January sales quantity is 119.96. This number was generated from the ""Sales"" dataset by filtering for January sales, calculating the total quantity of products sold in January, and then finding the average quantity. The dataset contains information such as the time of the sale, the region where the sale occurred, the product and SKU details, identifiers, quantity sold, total revenue, total cost, and the base quantity."
119.96,"Sure! The average January sales quantity is 119.96. This number was calculated by filtering the sales data for January, then finding the mean quantity of products sold during that month. In the dataset provided, the average January sales quantity is 119.96 units."
"119.96, 26986.88","Sure! In January, the average quantity of products sold was approximately 119.96, and the average revenue generated from these sales was around 26986.88. These numbers were calculated based on the sales data in the ""Sales"" dataset, specifically focusing on the sales that occurred in the month of January."
"119.96, 26,986.88","Sure! In the dataset ""Sales,"" the average January sales numbers are as follows:
- Average Quantity: 119.96 units
- Average Revenue: $26,986.88
These numbers were generated by filtering the dataset for sales that occurred in the month of January and then calculating the average quantity sold and average revenue generated during that month."
"119.96, 26,986.88","Sure! In the dataset ""Sales,"" the average January sales numbers are as follows:
- Average Quantity: 119.96 units
- Average Revenue: $26,986.88
These numbers were calculated by filtering the dataset for January sales, then finding the mean quantity and total revenue for that specific month."
"119.96, $26,986.88","Sure! In the provided dataset, the average January sales numbers are as follows:
- Average Quantity in January: 119.96 units
- Average Revenue in January: $26,986.88

These numbers were calculated based on the sales data for the month of January in the dataset. The average quantity represents the average number of products sold in January, while the average revenue indicates the average total revenue generated from those sales in January. The dataset contains information about the sales quantities, revenues, costs, regions, products, SKUs, and identifiers for each transaction, allowing us to calculate these average January sales metrics."
"$26,986.88, $19,576.96, $291,458,272.00, 1,295,528","The usual sales performance for January is as follows:
- The average revenue for January is $26,986.88, which is the average total revenue generated from sales in January.
- The average cost for January is $19,576.96, which is the average total cost incurred for the products sold in January.
- The total sales for January amount to $291,458,272.00, which is the sum of all revenue generated from sales in January.
- The total quantity sold in January is 1,295,528 units, which represents the total number of products sold in January.

These numbers were generated from the 'Sales' dataset by filtering the data for January, calculating the average revenue and cost for that month, and then summing up the total sales revenue and quantity sold for January."
"$291,458,272.00, $211,431,217.71, 1,295,528, $224.97, $163.20, 10,800","The usual sales performance for January is as follows:
- Total revenue generated in January: $291,458,272.00
- Total cost incurred in January: $211,431,217.71
- Total quantity of products sold in January: 1,295,528 units
- Average revenue per unit in January: $224.97
- Average cost per unit in January: $163.20
- Total number of entries (transactions) in January: 10,800

These numbers were generated from the ""Sales"" dataset by filtering the data for January, summing up the total revenue, total cost, and total quantity of products sold. The average revenue per unit and average cost per unit were calculated based on these values. The total number of entries represents the total transactions that occurred in January."
"- Total revenue in January: $291,458,272.00
- Total cost in January: $211,431,217.71
- Average quantity sold in January: 119.96 units
- Average quantity base in January: 85.97 units
- Total number of orders in January: 10,800","The usual sales performance for January is as follows:
- Total revenue in January: $291,458,272.00
- Total cost in January: $211,431,217.71
- Average quantity sold in January: 119.96 units
- Average quantity base in January: 85.97 units
- Total number of orders in January: 10,800
- Regions where sales occurred in January: Northeast, West, South, Midwest
- Products sold in January: CMSBP, SSEHDD, FTH, LSK, QCGL

These numbers were generated from the dataset by filtering the sales data for the month of January. The total revenue and total cost represent the overall financial performance, while the average quantity metrics give an insight into the typical quantity of products sold. The total number of orders indicates the volume of sales transactions, and the regions and products provide a breakdown of where and what was sold during January."
"$291,458,272.00, $211,431,217.71, 1,295,528, 10,800, $26,986.88","The usual sales performance for January is as follows:
- Total revenue in January: $291,458,272.00
- Total cost in January: $211,431,217.71
- Total quantity sold in January: 1,295,528 units
- Total number of orders in January: 10,800
- Average revenue per order in January: $26,986.88

These numbers were generated from the ""Sales"" dataset by filtering for January data and then calculating the total revenue, total cost, total quantity sold, total number of orders, and average revenue per order for that specific month."
"$26,986.88, $19,576.96, 1,295,528, 928,471, 10,800, 119.96","The usual sales performance for January is as follows:
- The average total revenue for January is $26,986.88, which represents the average amount of revenue generated from sales in January.
- The average total cost for January is $19,576.96, indicating the average cost incurred for the products sold in January.
- The total quantity of products sold in January is 1,295,528 units, showing the total number of products sold during that month.
- The total quantity base for January is 928,471 units, which is the sum of the base quantities of the products sold.
- There were 10,800 entries in January, meaning there were 10,800 sales transactions recorded during that month.
- On average, there were approximately 119.96 units sold per entry in January, indicating the average quantity of products sold per sales transaction during that month.

These metrics were calculated based on the sales data for January from the provided dataset."
"- Total Revenue for January: $291,458,272.00
- Total Cost for January: $211,431,217.71
- Total Quantity Sold in January: 1,295,528
- Average Revenue for January: $26,986.88
- Average Cost for January: $19,576.96
- Average Quantity Sold in January: 119.96","The usual sales performance for January is as follows:
- Total Revenue for January: $291,458,272.00
- Total Cost for January: $211,431,217.71
- Total Quantity Sold in January: 1,295,528
- Average Revenue for January: $26,986.88
- Average Cost for January: $19,576.96
- Average Quantity Sold in January: 119.96

These numbers were generated from the ""Sales"" dataset by filtering for January data and then calculating the total and average revenue, cost, and quantity sold for that specific month."
"$291,458,272.00, $211,431,217.71, 1,295,528, $224.97, 10,800, $19,576.96","The usual sales performance for January in the dataset is as follows:
- Total revenue generated in January: $291,458,272.00
- Total cost incurred in January: $211,431,217.71
- Total quantity of products sold in January: 1,295,528 units
- Average revenue per unit in January: $224.97
- Total number of orders placed in January: 10,800
- Average cost per order in January: $19,576.96

These numbers were generated from the ""Sales"" dataset by filtering the data for January, calculating the total revenue, total cost, total quantity, average revenue per unit, total orders, and average cost per order for that specific month."
"$26,986.88, $19,576.96, $291,458,272.00, 1,295,528","The usual sales performance for January is as follows:
- The average revenue for January is $26,986.88.
- The average cost for January is $19,576.96.
- The total sales for January amount to $291,458,272.00.
- The total quantity of products sold in January is 1,295,528.

These numbers were generated from the 'Sales' dataset by filtering the data for January, calculating the average TotalRevenue and TotalCost for that month, and summing up the total sales and quantity sold specifically for January."
"- Average Total Revenue for January: $26,986.88
- Average Total Cost for January: $19,576.96
- Total Quantity of products sold in January: 1,295,528
- Total Quantity Base for products sold in January: 928,471
- Total entries in dataset for January: 10,800
- Earliest date in January for sales data: January 7, 2018
- Latest date in January for sales data: January 29, 2023","The usual sales performance for January is as follows:
- The average Total Revenue for January is $26,986.88.
- The average Total Cost for January is $19,576.96.
- The total Quantity of products sold in January is 1,295,528.
- The total Quantity Base for products sold in January is 928,471.
- There were a total of 10,800 entries in the dataset for January.
- The earliest date in January for sales data is January 7, 2018.
- The latest date in January for sales data is January 29, 2023.

These numbers were generated from the 'Sales' dataset by filtering the data for January, calculating the average Total Revenue and Total Cost, summing the Quantity and Quantity Base, and determining the total number of entries along with the earliest and latest dates in January."
"$26,986.88, $19,576.96, $291,458,272.00, 1,295,528","The usual sales performance for January is as follows:
- The average revenue generated in January is $26,986.88.
- The average cost incurred in January is $19,576.96.
- The total sales revenue for January is $291,458,272.00.
- The total quantity of products sold in January is 1,295,528.

These numbers were generated from the dataset by filtering the data for January, calculating the average TotalRevenue and TotalCost for that month, and then summing up the total sales revenue and total quantity of products sold for January."
"26,986.88","In January, the average sales trend was $26,986.88. This number was calculated by taking the mean of the total revenue generated from sales in January. The dataset provides information on the total revenue, total cost, quantity sold, and other details for each product sold in different regions and with different specifications. The average sales trend gives an indication of the typical level of sales performance during the month of January based on the data available."
"26,986.88","In January, the average sales trend was $26,986.88. This number was calculated by taking the mean of the total revenue generated from sales in January. The total revenue in January was $291,458,272, and the total quantity of products sold in January was 1,295,528 units. These values were obtained from the dataset ""Sales"" by filtering the data for January and then calculating the average sales trend, total sales, and total quantity sold specifically for that month."
"26,986.88","The average sales trend in January was $26,986.88. This number was calculated by filtering the sales data for the month of January and then finding the average total revenue for that month. The average sales trend gives an indication of the typical level of sales performance during January across different regions and products in the dataset."
"26,986.88","The average sales trend in January was $26,986.88. This number was calculated by taking the mean of the total revenue generated from sales in January. It indicates the average amount of revenue earned per day in January across all regions and products in the dataset."
"$26,986.88","In January, the average sales trend was $26,986.88. This number was calculated by taking the mean of the total revenue generated from sales in January. The dataset used for this calculation contains information about sales transactions, including the time of the sale, region, product details, quantity sold, total revenue, and total cost. The average sales trend gives an indication of the typical level of sales performance during the month of January based on the data available."
"26,986.88","The average sales trend in January was $26,986.88. This number was calculated by taking the mean of the total revenue generated from sales in January. It indicates the average amount of revenue earned from sales during the month of January across all regions and products in the dataset."
"$26,986.88, $291,458,272, 1,295,528","In January, the average sales trend was $26,986.88. This value was calculated by taking the mean of the total revenue generated from sales in January. The total revenue in January was $291,458,272, and the total quantity of products sold in January was 1,295,528 units. These numbers were derived from the dataset ""Sales,"" which contains information about sales transactions including the time of sale, region, product details, quantities sold, total revenue, and total cost."
"26,986.88","The average sales trend in January was calculated based on the data in the ""Sales"" dataframe. The code filtered the dataframe to include only the data for January, then calculated the average total revenue for that month. 

The average sales trend in January was $26,986.88. This means that, on average, the total revenue generated from sales in January across different regions and products in the dataset was approximately $26,986.88."
"$26,986.88","In January, the average sales trend was $26,986.88. This number was calculated by taking the mean of the total revenue generated from sales in January. The dataset used for this calculation contains information about sales transactions, including the time of the sale, region, product details, SKU, identifier, quantity sold, total revenue, total cost, and base quantity. The average sales trend gives an indication of the typical level of sales performance during the month of January based on the total revenue generated from those sales."
"26,986.88","In January, the average sales trend was $26,986.88. This value was calculated by taking the mean of the total revenue generated from sales in January. The average sales trend gives an indication of the typical amount of revenue generated per day in January across all regions and products in the dataset."
"$24,288,189.33","The average monthly sales total for January is $24,288,189.33. This number was generated from the 'Sales' dataset by summing up the total revenue for January and then dividing it by the number of unique months in the dataset. In this case, the total sales for January were $291,458,272.00, and there are 12 unique months in the dataset."
"$24,288,189.33","The average monthly sales total for January is $24,288,189.33. This number was generated from the dataset named Sales. To calculate this, the code filtered the data for January, summed up the total sales for January, found the number of unique months in the dataset, and then divided the total January sales by the number of unique months. This gives us the average monthly sales total for January in the context of the Sales dataset."
"$26,986.88","The average monthly sales total for January is $26,986.88. This number was generated from the 'TotalRevenue' column in the dataset. The code filtered the data for January, calculated the total revenue for each sale in January, and then found the average of these total revenues. This metric gives us an insight into the average sales performance specifically for the month of January across all regions and products in the dataset."
"$26,986.88","The average monthly sales total for January is $26,986.88. This number was generated from the ""Sales"" dataset by filtering the data for January, calculating the total revenue for each entry in January, and then finding the average of those total revenues. This metric gives an insight into the average amount of revenue generated in the month of January across all regions and products in the dataset."
"3,365,140.62","The average monthly sales total for January is $3,365,140.62. This number was generated from the ""Sales"" dataset by calculating the total sales for each row in the January data. The total sales for each row were calculated by multiplying the quantity of products sold by the total revenue generated from those sales. The average monthly sales total for January represents the average of these total sales values for all the January transactions in the dataset."
"$4,048,031.56","The average monthly sales total for January is $4,048,031.56. This number was generated from the dataset named Sales, which contains information about sales transactions including the total revenue for each sale, the region where the sale took place, the product sold, and the quantity sold. The code provided filtered the data for January, calculated the total sales for January, determined the number of unique months in the dataset, and then calculated the average monthly sales total for January based on these values."
"$26,986.88","The average monthly sales total for January is $26,986.88. This number was generated from the ""TotalRevenue"" column in the Sales dataset. The calculation was done by filtering the dataset for January, then finding the mean of the total revenue for that specific month. The average monthly sales total for January is a metric that represents the average amount of revenue generated in January across all regions and products in the dataset."
"$24,288,189.33, $291,458,272.00, 12","The average monthly sales total for January is $24,288,189.33. This number was generated from the dataset named Sales. To calculate this, the code filtered the data for January, calculated the total sales for January, found the number of unique months in the dataset, and then divided the total January sales by the number of unique months. The total sales for January in the dataset is $291,458,272.00, and there are 12 unique months in the dataset."
"$3,365,140.62","The average monthly sales total for January is $3,365,140.62. This number was generated from the ""Sales"" dataset by calculating the total sales for each row in the January data. The total sales were calculated by multiplying the quantity of products sold by the total revenue for each transaction in January. The average was then taken across all these total sales values to arrive at the average monthly sales total for January."
"$48,576,378.67, $291,458,272.00","The average monthly sales total for January is $48,576,378.67. This number was calculated by summing up the total revenue for January across all unique years in the dataset (2018, 2019, 2020, 2021, 2022, 2023) and then dividing that total by the number of unique years. In this case, the total sales for January across all years is $291,458,272.00."
119.96,"Sure! The average January sales quantity in the dataset is approximately 119.96. This number was calculated by filtering the sales data for January, then finding the mean quantity of products sold during that month. The average January sales quantity metric was derived from the 'Quantity' column in the dataset, which represents the number of products sold in each transaction."
"119.96, 26,986.88","Sure! In January, the average quantity of products sold was approximately 119.96 units, and the average revenue generated from these sales was around $26,986.88. These numbers were calculated based on the sales data in the ""Sales"" dataframe, specifically looking at the sales that occurred in the month of January."
"119.96, 1,295,528, 291,458,272.00","Sure! The average January sales data was computed from the 'Quantity' column in the Sales dataset. The average quantity of products sold in January was approximately 119.96 units. This value was calculated by filtering the dataset for January sales, finding the mean quantity sold in January, and then summing up the total quantity and total revenue for January. The total quantity of products sold in January was 1,295,528 units, and the total revenue generated in January was $291,458,272.00."
"26,986.88","The average January sales data is $26,986.88. This number was generated from the 'TotalRevenue' column in the 'Sales' dataset, specifically for sales that occurred in the month of January. The average is calculated by taking the mean of the total revenue from all January sales transactions."
119.96,"The average January sales quantity is 119.96. This number was generated from the 'Quantity' column in the dataset. The code filtered the data for January sales, calculated the total quantity of products sold in January, and then divided that by the number of January sales entries to get the average quantity sold in January."
119.96,"The average January sales data was calculated from the 'Sales' dataset. The code filtered the sales data for January, then calculated the average quantity of products sold in January. The average January sales quantity in the dataset is approximately 119.96 units."
"$26,986.88","The average January sales data was calculated from the ""Sales"" dataset. 

To obtain this average, the code filtered the dataset for January sales data based on the 'Time' column, which was converted to datetime format. Then, it calculated the average total revenue for January sales. 

The average January sales amount from the dataset is $26,986.88. This value represents the average total revenue generated from sales specifically in the month of January across all regions and products in the dataset."
"119.96, 1,295,528, $26,986.88","Sure! In the dataset ""Sales,"" the average January sales data was calculated as follows:

- The average quantity of products sold in January was approximately 119.96 units.
- The total quantity of products sold in January was 1,295,528 units.
- The average revenue generated from sales in January was around $26,986.88.

These numbers were derived from the sales data specifically for the month of January within the dataset."
"$26,986.88","Sure! The average January sales data was calculated from the ""Sales"" dataset. 

To calculate this average, the code filtered the dataset for sales data that occurred in January. Then, it computed the average total revenue from these January sales transactions. 

The average January sales amount from the dataset is $26,986.88. This value represents the average total revenue generated from sales specifically in the month of January across all regions and products in the dataset."
"26,986.88, 291,458,272.00, 119.96","Sure! In January, the average total revenue from sales was $26,986.88. This average was calculated by considering all the sales data specifically from the month of January in the ""Sales"" dataset. Additionally, the total revenue generated in January was $291,458,272.00. The average quantity of products sold in January was approximately 119.96 units. These numbers were derived from the sales data for the month of January in the ""Sales"" dataset."
